type,error,date,time,details
Error,Transport Error,Aug 22,07:08:44,"[MessageBroker-2] - sockJsScheduler[pool size = 2, active threads = 1, queued tasks = 0, completed tasks = 314]"
Error,Transport Error,Aug 22,07:38:44,"[MessageBroker-2] - sockJsScheduler[pool size = 2, active threads = 1, queued tasks = 0, completed tasks = 315]"
Error,Transport Error,Aug 22,08:08:44,"[MessageBroker-2] - sockJsScheduler[pool size = 2, active threads = 1, queued tasks = 0, completed tasks = 316]"
Error,Transport Error,Aug 22,08:38:44,"[MessageBroker-2] - sockJsScheduler[pool size = 2, active threads = 1, queued tasks = 0, completed tasks = 317]"
Error,Access Denied,Aug 22,09:08:19," AuditEvent [timestamp=Tue Aug 22 16:08:19 UTC 2017, principal=anonymousUser, type=AUTHORIZATION_FAILURE, data={type=org.springframework.security.access.AccessDeniedException, message=Access is denied}]"
Error,Transport Error,Aug 22,09:08:44,"[MessageBroker-2] - sockJsScheduler[pool size = 2, active threads = 1, queued tasks = 0, completed tasks = 318]"
Error,Access Denied,Aug 22,09:28:37," AuditEvent [timestamp=Tue Aug 22 16:28:37 UTC 2017, principal=anonymousUser, type=AUTHORIZATION_FAILURE, data={type=org.springframework.security.access.AccessDeniedException, message=Access is denied}]"
Error,Access Denied,Aug 22,09:33:37," AuditEvent [timestamp=Tue Aug 22 16:33:37 UTC 2017, principal=anonymousUser, type=AUTHORIZATION_FAILURE, data={type=org.springframework.security.access.AccessDeniedException, message=Access is denied}]"
Error,Access Denied,Aug 22,09:38:37," AuditEvent [timestamp=Tue Aug 22 16:38:37 UTC 2017, principal=anonymousUser, type=AUTHORIZATION_FAILURE, data={type=org.springframework.security.access.AccessDeniedException, message=Access is denied}]"
Error,Transport Error,Aug 22,09:38:44,"[MessageBroker-2] - sockJsScheduler[pool size = 2, active threads = 1, queued tasks = 0, completed tasks = 319]"
Error,Access Denied,Aug 22,09:43:37," AuditEvent [timestamp=Tue Aug 22 16:43:37 UTC 2017, principal=anonymousUser, type=AUTHORIZATION_FAILURE, data={type=org.springframework.security.access.AccessDeniedException, message=Access is denied}]"
Error,Access Denied,Aug 22,09:48:37," AuditEvent [timestamp=Tue Aug 22 16:48:37 UTC 2017, principal=anonymousUser, type=AUTHORIZATION_FAILURE, data={type=org.springframework.security.access.AccessDeniedException, message=Access is denied}]"
Error,Warning,Aug 22,09:51:00, [skExecutor-2419] c.d.s.p.helper.VolumeEntitlementChecker  : TODO -- look for volume by repository not cluster & host.
Error,Warning,Aug 22,09:51:15, [skExecutor-2420] c.d.s.p.helper.VolumeEntitlementChecker  : TODO -- look for volume by repository not cluster & host.
Error,Warning,Aug 22,09:51:15, [skExecutor-2420] c.d.s.p.helper.VolumeEntitlementChecker  : TODO -- look for volume by repository not cluster & host.
Error,Warning,Aug 22,09:51:20, [skExecutor-2421] c.d.s.p.helper.VolumeEntitlementChecker  : TODO -- look for volume by repository not cluster & host.
Error,Warning,Aug 22,09:51:20, [skExecutor-2421] c.d.s.p.helper.VolumeEntitlementChecker  : TODO -- look for volume by repository not cluster & host.
Error,Warning,Aug 22,09:51:20, [skExecutor-2421] c.d.s.p.helper.VolumeEntitlementChecker  : TODO -- look for volume by repository not cluster & host.
Error,Access Denied,Aug 22,09:53:37," AuditEvent [timestamp=Tue Aug 22 16:53:37 UTC 2017, principal=anonymousUser, type=AUTHORIZATION_FAILURE, data={type=org.springframework.security.access.AccessDeniedException, message=Access is denied}]"
Error,Access Denied,Aug 22,09:58:37," AuditEvent [timestamp=Tue Aug 22 16:58:37 UTC 2017, principal=anonymousUser, type=AUTHORIZATION_FAILURE, data={type=org.springframework.security.access.AccessDeniedException, message=Access is denied}]"
Error,Access Denied,Aug 22,10:03:37," AuditEvent [timestamp=Tue Aug 22 17:03:37 UTC 2017, principal=anonymousUser, type=AUTHORIZATION_FAILURE, data={type=org.springframework.security.access.AccessDeniedException, message=Access is denied}]"
Error,Access Denied,Aug 22,10:08:37," AuditEvent [timestamp=Tue Aug 22 17:08:37 UTC 2017, principal=anonymousUser, type=AUTHORIZATION_FAILURE, data={type=org.springframework.security.access.AccessDeniedException, message=Access is denied}]"
Error,Transport Error,Aug 22,10:08:44,"[MessageBroker-2] - sockJsScheduler[pool size = 2, active threads = 1, queued tasks = 0, completed tasks = 320]"
Error,Access Denied,Aug 22,10:13:37," AuditEvent [timestamp=Tue Aug 22 17:13:37 UTC 2017, principal=anonymousUser, type=AUTHORIZATION_FAILURE, data={type=org.springframework.security.access.AccessDeniedException, message=Access is denied}]"
Error,Access Denied,Aug 22,10:18:37," AuditEvent [timestamp=Tue Aug 22 17:18:37 UTC 2017, principal=anonymousUser, type=AUTHORIZATION_FAILURE, data={type=org.springframework.security.access.AccessDeniedException, message=Access is denied}]"
Error,Access Denied,Aug 22,10:23:37," AuditEvent [timestamp=Tue Aug 22 17:23:37 UTC 2017, principal=anonymousUser, type=AUTHORIZATION_FAILURE, data={type=org.springframework.security.access.AccessDeniedException, message=Access is denied}]"
Error,Access Denied,Aug 22,10:28:37," AuditEvent [timestamp=Tue Aug 22 17:28:37 UTC 2017, principal=anonymousUser, type=AUTHORIZATION_FAILURE, data={type=org.springframework.security.access.AccessDeniedException, message=Access is denied}]"
Error,Access Denied,Aug 22,10:33:37," AuditEvent [timestamp=Tue Aug 22 17:33:37 UTC 2017, principal=anonymousUser, type=AUTHORIZATION_FAILURE, data={type=org.springframework.security.access.AccessDeniedException, message=Access is denied}]"
Error,Transport Error,Aug 22,10:38:44,"[MessageBroker-2] - sockJsScheduler[pool size = 2, active threads = 1, queued tasks = 0, completed tasks = 321]"
Error,Access Denied,Aug 22,10:46:31," AuditEvent [timestamp=Tue Aug 22 17:46:31 UTC 2017, principal=anonymousUser, type=AUTHORIZATION_FAILURE, data={type=org.springframework.security.access.AccessDeniedException, message=Access is denied}]"
Error,Access Denied,Aug 22,10:48:24," AuditEvent [timestamp=Tue Aug 22 17:48:24 UTC 2017, principal=tenant-a@hypercloud.local, type=AUTHORIZATION_FAILURE, data={type=org.springframework.security.access.AccessDeniedException, message=Access is denied}]"
Error,Access Denied,Aug 22,10:48:24,org.springframework.security.access.AccessDeniedException: Access is denied
Error,Warning,Aug 22,10:48:24, [nio-8080-exec-8] com.dchq.config.ExceptionTranslator      : ERROR-ID [b53ff5c3-b569-428f-8ad8-5e889554e067]
Error,Warning,Aug 22,10:48:24, [nio-8080-exec-8] com.dchq.config.ExceptionTranslator      : Access is denied
Error,Access Denied,Aug 22,10:49:20," AuditEvent [timestamp=Tue Aug 22 17:49:20 UTC 2017, principal=tenant-a@hypercloud.local, type=AUTHORIZATION_FAILURE, data={type=org.springframework.security.access.AccessDeniedException, message=Access is denied}]"
Error,Access Denied,Aug 22,10:49:20,org.springframework.security.access.AccessDeniedException: Access is denied
Error,Warning,Aug 22,10:49:20, [nio-8080-exec-3] com.dchq.config.ExceptionTranslator      : ERROR-ID [2caef46f-87cd-43e9-99f4-3415003bc3c7]
Error,Warning,Aug 22,10:49:20, [nio-8080-exec-3] com.dchq.config.ExceptionTranslator      : Access is denied
Error,Access Denied,Aug 22,10:50:09," AuditEvent [timestamp=Tue Aug 22 17:50:09 UTC 2017, principal=tenant-a@hypercloud.local, type=AUTHORIZATION_FAILURE, data={type=org.springframework.security.access.AccessDeniedException, message=Access is denied}]"
Error,Access Denied,Aug 22,10:50:09,org.springframework.security.access.AccessDeniedException: Access is denied
Error,Warning,Aug 22,10:50:09, [nio-8080-exec-7] com.dchq.config.ExceptionTranslator      : ERROR-ID [0c3e307b-a679-44ff-86fb-7707b33c8df8]
Error,Warning,Aug 22,10:50:09, [nio-8080-exec-7] com.dchq.config.ExceptionTranslator      : Access is denied
Error,Http Client Error,Aug 22,11:00:24,2017-08-22 18:00:24.979  WARN 1 --- [skExecutor-2504] c.d.n.pfsense.PfSenseOperations          : org.springframework.web.client.HttpClientErrorException: 401 Unauthorized
Error,Http Client Error,Aug 22,11:00:24,java.lang.RuntimeException: org.springframework.web.client.HttpClientErrorException: 401 Unauthorized
Error,Http Client Error,Aug 22,11:00:24,Caused by: org.springframework.web.client.HttpClientErrorException: 401 Unauthorized
Error,Runtime Exception,Aug 22,11:00:24,java.lang.RuntimeException: org.springframework.web.client.HttpClientErrorException: 401 Unauthorized
Error,Default Response Error Handler,Aug 22,11:00:24,#011at org.springframework.web.client.DefaultResponseErrorHandler.handleError(DefaultResponseErrorHandler.java:91)
Error,Warning,Aug 22,11:00:24, [skExecutor-2504] c.d.n.pfsense.PfSenseOperations          : org.springframework.web.client.HttpClientErrorException: 401 Unauthorized
Error,Warning,Aug 22,11:00:24, [skExecutor-2504] c.d.n.pfsense.PfSenseOperations          : null
Error,Transport Error,Aug 22,11:08:44,"[MessageBroker-2] - sockJsScheduler[pool size = 2, active threads = 1, queued tasks = 0, completed tasks = 322]"
Error,Transport Error,Aug 22,11:38:44,"[MessageBroker-2] - sockJsScheduler[pool size = 2, active threads = 1, queued tasks = 0, completed tasks = 323]"
Error,Transport Error,Aug 22,12:08:44,"[MessageBroker-2] - sockJsScheduler[pool size = 2, active threads = 1, queued tasks = 0, completed tasks = 324]"
Error,Transport Error,Aug 22,12:38:44,"[MessageBroker-2] - sockJsScheduler[pool size = 2, active threads = 1, queued tasks = 0, completed tasks = 325]"
Error,Transport Error,Aug 22,13:08:44,"[MessageBroker-2] - sockJsScheduler[pool size = 2, active threads = 1, queued tasks = 0, completed tasks = 326]"
Error,Access Denied,Aug 22,13:26:34," AuditEvent [timestamp=Tue Aug 22 20:26:34 UTC 2017, principal=anonymousUser, type=AUTHORIZATION_FAILURE, data={type=org.springframework.security.access.AccessDeniedException, message=Access is denied}]"
Error,Access Denied,Aug 22,13:31:39," AuditEvent [timestamp=Tue Aug 22 20:31:39 UTC 2017, principal=anonymousUser, type=AUTHORIZATION_FAILURE, data={type=org.springframework.security.access.AccessDeniedException, message=Access is denied}]"
Error,Access Denied,Aug 22,13:36:35," AuditEvent [timestamp=Tue Aug 22 20:36:35 UTC 2017, principal=anonymousUser, type=AUTHORIZATION_FAILURE, data={type=org.springframework.security.access.AccessDeniedException, message=Access is denied}]"
Error,Transport Error,Aug 22,13:38:44,"[MessageBroker-2] - sockJsScheduler[pool size = 2, active threads = 1, queued tasks = 0, completed tasks = 327]"
Error,Transport Error,Aug 22,14:08:44,"[MessageBroker-2] - sockJsScheduler[pool size = 2, active threads = 1, queued tasks = 0, completed tasks = 328]"
Error,Access Denied,Aug 22,14:22:46," AuditEvent [timestamp=Tue Aug 22 21:22:46 UTC 2017, principal=anonymousUser, type=AUTHORIZATION_FAILURE, data={type=org.springframework.security.access.AccessDeniedException, message=Access is denied}]"
Error,Access Denied,Aug 22,14:25:11," AuditEvent [timestamp=Tue Aug 22 21:25:11 UTC 2017, principal=anonymousUser, type=AUTHORIZATION_FAILURE, data={type=org.springframework.security.access.AccessDeniedException, message=Access is denied}]"
Error,Access Denied,Aug 22,14:27:45," AuditEvent [timestamp=Tue Aug 22 21:27:45 UTC 2017, principal=anonymousUser, type=AUTHORIZATION_FAILURE, data={type=org.springframework.security.access.AccessDeniedException, message=Access is denied}]"
Error,Access Denied,Aug 22,14:30:11," AuditEvent [timestamp=Tue Aug 22 21:30:11 UTC 2017, principal=anonymousUser, type=AUTHORIZATION_FAILURE, data={type=org.springframework.security.access.AccessDeniedException, message=Access is denied}]"
Error,Access Denied,Aug 22,14:32:46," AuditEvent [timestamp=Tue Aug 22 21:32:46 UTC 2017, principal=anonymousUser, type=AUTHORIZATION_FAILURE, data={type=org.springframework.security.access.AccessDeniedException, message=Access is denied}]"
Error,Access Denied,Aug 22,14:35:11," AuditEvent [timestamp=Tue Aug 22 21:35:11 UTC 2017, principal=anonymousUser, type=AUTHORIZATION_FAILURE, data={type=org.springframework.security.access.AccessDeniedException, message=Access is denied}]"
Error,Access Denied,Aug 22,14:37:45," AuditEvent [timestamp=Tue Aug 22 21:37:45 UTC 2017, principal=anonymousUser, type=AUTHORIZATION_FAILURE, data={type=org.springframework.security.access.AccessDeniedException, message=Access is denied}]"
Error,Transport Error,Aug 22,14:38:44,"[MessageBroker-2] - sockJsScheduler[pool size = 2, active threads = 1, queued tasks = 0, completed tasks = 329]"
Error,Access Denied,Aug 22,14:40:11," AuditEvent [timestamp=Tue Aug 22 21:40:11 UTC 2017, principal=anonymousUser, type=AUTHORIZATION_FAILURE, data={type=org.springframework.security.access.AccessDeniedException, message=Access is denied}]"
Error,Access Denied,Aug 22,14:42:46," AuditEvent [timestamp=Tue Aug 22 21:42:46 UTC 2017, principal=anonymousUser, type=AUTHORIZATION_FAILURE, data={type=org.springframework.security.access.AccessDeniedException, message=Access is denied}]"
Error,Access Denied,Aug 22,14:45:12," AuditEvent [timestamp=Tue Aug 22 21:45:12 UTC 2017, principal=anonymousUser, type=AUTHORIZATION_FAILURE, data={type=org.springframework.security.access.AccessDeniedException, message=Access is denied}]"
Error,Access Denied,Aug 22,14:47:45," AuditEvent [timestamp=Tue Aug 22 21:47:45 UTC 2017, principal=anonymousUser, type=AUTHORIZATION_FAILURE, data={type=org.springframework.security.access.AccessDeniedException, message=Access is denied}]"
Error,Access Denied,Aug 22,14:50:14," AuditEvent [timestamp=Tue Aug 22 21:50:14 UTC 2017, principal=anonymousUser, type=AUTHORIZATION_FAILURE, data={type=org.springframework.security.access.AccessDeniedException, message=Access is denied}]"
Error,Access Denied,Aug 22,14:52:46," AuditEvent [timestamp=Tue Aug 22 21:52:46 UTC 2017, principal=anonymousUser, type=AUTHORIZATION_FAILURE, data={type=org.springframework.security.access.AccessDeniedException, message=Access is denied}]"
Error,Access Denied,Aug 22,14:55:13," AuditEvent [timestamp=Tue Aug 22 21:55:13 UTC 2017, principal=anonymousUser, type=AUTHORIZATION_FAILURE, data={type=org.springframework.security.access.AccessDeniedException, message=Access is denied}]"
Error,Access Denied,Aug 22,14:57:45," AuditEvent [timestamp=Tue Aug 22 21:57:45 UTC 2017, principal=anonymousUser, type=AUTHORIZATION_FAILURE, data={type=org.springframework.security.access.AccessDeniedException, message=Access is denied}]"
Error,Access Denied,Aug 22,15:00:12," AuditEvent [timestamp=Tue Aug 22 22:00:12 UTC 2017, principal=anonymousUser, type=AUTHORIZATION_FAILURE, data={type=org.springframework.security.access.AccessDeniedException, message=Access is denied}]"
Error,Access Denied,Aug 22,15:02:46," AuditEvent [timestamp=Tue Aug 22 22:02:46 UTC 2017, principal=anonymousUser, type=AUTHORIZATION_FAILURE, data={type=org.springframework.security.access.AccessDeniedException, message=Access is denied}]"
Error,Access Denied,Aug 22,15:05:16," AuditEvent [timestamp=Tue Aug 22 22:05:16 UTC 2017, principal=anonymousUser, type=AUTHORIZATION_FAILURE, data={type=org.springframework.security.access.AccessDeniedException, message=Access is denied}]"
Error,Access Denied,Aug 22,15:07:45," AuditEvent [timestamp=Tue Aug 22 22:07:45 UTC 2017, principal=anonymousUser, type=AUTHORIZATION_FAILURE, data={type=org.springframework.security.access.AccessDeniedException, message=Access is denied}]"
Error,Transport Error,Aug 22,15:08:44,"[MessageBroker-2] - sockJsScheduler[pool size = 2, active threads = 1, queued tasks = 0, completed tasks = 330]"
Error,Access Denied,Aug 22,15:10:14," AuditEvent [timestamp=Tue Aug 22 22:10:14 UTC 2017, principal=anonymousUser, type=AUTHORIZATION_FAILURE, data={type=org.springframework.security.access.AccessDeniedException, message=Access is denied}]"
Error,Access Denied,Aug 22,15:12:46," AuditEvent [timestamp=Tue Aug 22 22:12:46 UTC 2017, principal=anonymousUser, type=AUTHORIZATION_FAILURE, data={type=org.springframework.security.access.AccessDeniedException, message=Access is denied}]"
Error,Access Denied,Aug 22,15:15:15," AuditEvent [timestamp=Tue Aug 22 22:15:15 UTC 2017, principal=anonymousUser, type=AUTHORIZATION_FAILURE, data={type=org.springframework.security.access.AccessDeniedException, message=Access is denied}]"
Error,Access Denied,Aug 22,15:17:45," AuditEvent [timestamp=Tue Aug 22 22:17:45 UTC 2017, principal=anonymousUser, type=AUTHORIZATION_FAILURE, data={type=org.springframework.security.access.AccessDeniedException, message=Access is denied}]"
Error,Access Denied,Aug 22,15:20:20," AuditEvent [timestamp=Tue Aug 22 22:20:20 UTC 2017, principal=anonymousUser, type=AUTHORIZATION_FAILURE, data={type=org.springframework.security.access.AccessDeniedException, message=Access is denied}]"
Error,Access Denied,Aug 22,15:22:46," AuditEvent [timestamp=Tue Aug 22 22:22:46 UTC 2017, principal=anonymousUser, type=AUTHORIZATION_FAILURE, data={type=org.springframework.security.access.AccessDeniedException, message=Access is denied}]"
Error,Access Denied,Aug 22,15:25:14," AuditEvent [timestamp=Tue Aug 22 22:25:14 UTC 2017, principal=anonymousUser, type=AUTHORIZATION_FAILURE, data={type=org.springframework.security.access.AccessDeniedException, message=Access is denied}]"
Error,Access Denied,Aug 22,15:27:45," AuditEvent [timestamp=Tue Aug 22 22:27:45 UTC 2017, principal=anonymousUser, type=AUTHORIZATION_FAILURE, data={type=org.springframework.security.access.AccessDeniedException, message=Access is denied}]"
Error,Access Denied,Aug 22,15:30:14," AuditEvent [timestamp=Tue Aug 22 22:30:14 UTC 2017, principal=anonymousUser, type=AUTHORIZATION_FAILURE, data={type=org.springframework.security.access.AccessDeniedException, message=Access is denied}]"
Error,Access Denied,Aug 22,15:32:46," AuditEvent [timestamp=Tue Aug 22 22:32:46 UTC 2017, principal=anonymousUser, type=AUTHORIZATION_FAILURE, data={type=org.springframework.security.access.AccessDeniedException, message=Access is denied}]"
Error,Access Denied,Aug 22,15:35:15," AuditEvent [timestamp=Tue Aug 22 22:35:15 UTC 2017, principal=anonymousUser, type=AUTHORIZATION_FAILURE, data={type=org.springframework.security.access.AccessDeniedException, message=Access is denied}]"
Error,Access Denied,Aug 22,15:37:45," AuditEvent [timestamp=Tue Aug 22 22:37:45 UTC 2017, principal=anonymousUser, type=AUTHORIZATION_FAILURE, data={type=org.springframework.security.access.AccessDeniedException, message=Access is denied}]"
Error,Transport Error,Aug 22,15:38:44,"[MessageBroker-2] - sockJsScheduler[pool size = 2, active threads = 1, queued tasks = 0, completed tasks = 331]"
Error,Access Denied,Aug 22,15:40:20," AuditEvent [timestamp=Tue Aug 22 22:40:20 UTC 2017, principal=anonymousUser, type=AUTHORIZATION_FAILURE, data={type=org.springframework.security.access.AccessDeniedException, message=Access is denied}]"
Error,Access Denied,Aug 22,15:42:46," AuditEvent [timestamp=Tue Aug 22 22:42:46 UTC 2017, principal=anonymousUser, type=AUTHORIZATION_FAILURE, data={type=org.springframework.security.access.AccessDeniedException, message=Access is denied}]"
Error,Access Denied,Aug 22,15:45:22," AuditEvent [timestamp=Tue Aug 22 22:45:22 UTC 2017, principal=anonymousUser, type=AUTHORIZATION_FAILURE, data={type=org.springframework.security.access.AccessDeniedException, message=Access is denied}]"
Error,Access Denied,Aug 22,15:47:45," AuditEvent [timestamp=Tue Aug 22 22:47:45 UTC 2017, principal=anonymousUser, type=AUTHORIZATION_FAILURE, data={type=org.springframework.security.access.AccessDeniedException, message=Access is denied}]"
Error,Access Denied,Aug 22,15:50:14," AuditEvent [timestamp=Tue Aug 22 22:50:14 UTC 2017, principal=anonymousUser, type=AUTHORIZATION_FAILURE, data={type=org.springframework.security.access.AccessDeniedException, message=Access is denied}]"
Error,Access Denied,Aug 22,15:52:46," AuditEvent [timestamp=Tue Aug 22 22:52:46 UTC 2017, principal=anonymousUser, type=AUTHORIZATION_FAILURE, data={type=org.springframework.security.access.AccessDeniedException, message=Access is denied}]"
Error,Access Denied,Aug 22,15:55:12," AuditEvent [timestamp=Tue Aug 22 22:55:12 UTC 2017, principal=anonymousUser, type=AUTHORIZATION_FAILURE, data={type=org.springframework.security.access.AccessDeniedException, message=Access is denied}]"
Error,Access Denied,Aug 22,15:57:45," AuditEvent [timestamp=Tue Aug 22 22:57:45 UTC 2017, principal=anonymousUser, type=AUTHORIZATION_FAILURE, data={type=org.springframework.security.access.AccessDeniedException, message=Access is denied}]"
Error,Access Denied,Aug 22,16:00:15," AuditEvent [timestamp=Tue Aug 22 23:00:15 UTC 2017, principal=anonymousUser, type=AUTHORIZATION_FAILURE, data={type=org.springframework.security.access.AccessDeniedException, message=Access is denied}]"
Error,Access Denied,Aug 22,16:02:46," AuditEvent [timestamp=Tue Aug 22 23:02:46 UTC 2017, principal=anonymousUser, type=AUTHORIZATION_FAILURE, data={type=org.springframework.security.access.AccessDeniedException, message=Access is denied}]"
Error,Access Denied,Aug 22,16:05:25," AuditEvent [timestamp=Tue Aug 22 23:05:25 UTC 2017, principal=anonymousUser, type=AUTHORIZATION_FAILURE, data={type=org.springframework.security.access.AccessDeniedException, message=Access is denied}]"
Error,Access Denied,Aug 22,16:07:45," AuditEvent [timestamp=Tue Aug 22 23:07:45 UTC 2017, principal=anonymousUser, type=AUTHORIZATION_FAILURE, data={type=org.springframework.security.access.AccessDeniedException, message=Access is denied}]"
Error,Transport Error,Aug 22,16:08:44,"[MessageBroker-2] - sockJsScheduler[pool size = 2, active threads = 1, queued tasks = 0, completed tasks = 332]"
Error,Access Denied,Aug 22,16:10:14," AuditEvent [timestamp=Tue Aug 22 23:10:14 UTC 2017, principal=anonymousUser, type=AUTHORIZATION_FAILURE, data={type=org.springframework.security.access.AccessDeniedException, message=Access is denied}]"
Error,Access Denied,Aug 22,16:12:46," AuditEvent [timestamp=Tue Aug 22 23:12:46 UTC 2017, principal=anonymousUser, type=AUTHORIZATION_FAILURE, data={type=org.springframework.security.access.AccessDeniedException, message=Access is denied}]"
Error,Access Denied,Aug 22,16:15:22," AuditEvent [timestamp=Tue Aug 22 23:15:22 UTC 2017, principal=anonymousUser, type=AUTHORIZATION_FAILURE, data={type=org.springframework.security.access.AccessDeniedException, message=Access is denied}]"
Error,Access Denied,Aug 22,16:17:46," AuditEvent [timestamp=Tue Aug 22 23:17:46 UTC 2017, principal=anonymousUser, type=AUTHORIZATION_FAILURE, data={type=org.springframework.security.access.AccessDeniedException, message=Access is denied}]"
Error,Access Denied,Aug 22,16:20:24," AuditEvent [timestamp=Tue Aug 22 23:20:24 UTC 2017, principal=anonymousUser, type=AUTHORIZATION_FAILURE, data={type=org.springframework.security.access.AccessDeniedException, message=Access is denied}]"
Error,Access Denied,Aug 22,16:22:46," AuditEvent [timestamp=Tue Aug 22 23:22:46 UTC 2017, principal=anonymousUser, type=AUTHORIZATION_FAILURE, data={type=org.springframework.security.access.AccessDeniedException, message=Access is denied}]"
Error,Access Denied,Aug 22,16:25:14," AuditEvent [timestamp=Tue Aug 22 23:25:14 UTC 2017, principal=anonymousUser, type=AUTHORIZATION_FAILURE, data={type=org.springframework.security.access.AccessDeniedException, message=Access is denied}]"
Error,Access Denied,Aug 22,16:27:46," AuditEvent [timestamp=Tue Aug 22 23:27:46 UTC 2017, principal=anonymousUser, type=AUTHORIZATION_FAILURE, data={type=org.springframework.security.access.AccessDeniedException, message=Access is denied}]"
Error,Access Denied,Aug 22,16:30:19," AuditEvent [timestamp=Tue Aug 22 23:30:19 UTC 2017, principal=anonymousUser, type=AUTHORIZATION_FAILURE, data={type=org.springframework.security.access.AccessDeniedException, message=Access is denied}]"
Error,Access Denied,Aug 22,16:32:46," AuditEvent [timestamp=Tue Aug 22 23:32:46 UTC 2017, principal=anonymousUser, type=AUTHORIZATION_FAILURE, data={type=org.springframework.security.access.AccessDeniedException, message=Access is denied}]"
Error,Access Denied,Aug 22,16:35:25," AuditEvent [timestamp=Tue Aug 22 23:35:25 UTC 2017, principal=anonymousUser, type=AUTHORIZATION_FAILURE, data={type=org.springframework.security.access.AccessDeniedException, message=Access is denied}]"
Error,Access Denied,Aug 22,16:37:46," AuditEvent [timestamp=Tue Aug 22 23:37:46 UTC 2017, principal=anonymousUser, type=AUTHORIZATION_FAILURE, data={type=org.springframework.security.access.AccessDeniedException, message=Access is denied}]"
Error,Transport Error,Aug 22,16:38:44,"[MessageBroker-1] - sockJsScheduler[pool size = 2, active threads = 1, queued tasks = 0, completed tasks = 333]"
Error,Access Denied,Aug 22,16:40:20," AuditEvent [timestamp=Tue Aug 22 23:40:20 UTC 2017, principal=anonymousUser, type=AUTHORIZATION_FAILURE, data={type=org.springframework.security.access.AccessDeniedException, message=Access is denied}]"
Error,Access Denied,Aug 22,16:42:46," AuditEvent [timestamp=Tue Aug 22 23:42:46 UTC 2017, principal=anonymousUser, type=AUTHORIZATION_FAILURE, data={type=org.springframework.security.access.AccessDeniedException, message=Access is denied}]"
Error,Access Denied,Aug 22,16:45:03," AuditEvent [timestamp=Tue Aug 22 23:45:03 UTC 2017, principal=anonymousUser, type=AUTHORIZATION_FAILURE, data={type=org.springframework.security.access.AccessDeniedException, message=Access is denied}]"
Error,Access Denied,Aug 22,16:45:04," AuditEvent [timestamp=Tue Aug 22 23:45:04 UTC 2017, principal=anonymousUser, type=AUTHORIZATION_FAILURE, data={type=org.springframework.security.access.AccessDeniedException, message=Access is denied}]"
Error,Access Denied,Aug 22,16:45:04," AuditEvent [timestamp=Tue Aug 22 23:45:04 UTC 2017, principal=anonymousUser, type=AUTHORIZATION_FAILURE, data={type=org.springframework.security.access.AccessDeniedException, message=Access is denied}]"
Error,Access Denied,Aug 22,16:45:06," AuditEvent [timestamp=Tue Aug 22 23:45:06 UTC 2017, principal=anonymousUser, type=AUTHORIZATION_FAILURE, data={type=org.springframework.security.access.AccessDeniedException, message=Access is denied}]"
Error,Transport Error,Aug 22,17:08:44,"[MessageBroker-1] - sockJsScheduler[pool size = 2, active threads = 1, queued tasks = 0, completed tasks = 334]"
Error,Transport Error,Aug 22,17:38:44,"[MessageBroker-1] - sockJsScheduler[pool size = 2, active threads = 1, queued tasks = 0, completed tasks = 335]"
Error,Transport Error,Aug 22,18:08:44,"[MessageBroker-1] - sockJsScheduler[pool size = 2, active threads = 1, queued tasks = 0, completed tasks = 336]"
Error,Transport Error,Aug 22,18:38:44,"[MessageBroker-1] - sockJsScheduler[pool size = 2, active threads = 1, queued tasks = 0, completed tasks = 337]"
Error,Transport Error,Aug 22,19:08:44,"[MessageBroker-1] - sockJsScheduler[pool size = 2, active threads = 1, queued tasks = 0, completed tasks = 338]"
Error,Transport Error,Aug 22,19:38:44,"[MessageBroker-1] - sockJsScheduler[pool size = 2, active threads = 1, queued tasks = 0, completed tasks = 339]"
Error,Transport Error,Aug 22,20:08:44,"[MessageBroker-1] - sockJsScheduler[pool size = 2, active threads = 1, queued tasks = 0, completed tasks = 340]"
Error,Transport Error,Aug 22,20:38:44,"[MessageBroker-1] - sockJsScheduler[pool size = 2, active threads = 1, queued tasks = 0, completed tasks = 341]"
Error,Transport Error,Aug 22,21:08:44,"[MessageBroker-1] - sockJsScheduler[pool size = 2, active threads = 1, queued tasks = 0, completed tasks = 342]"
Error,Access Denied,Aug 22,21:36:36," AuditEvent [timestamp=Wed Aug 23 04:36:36 UTC 2017, principal=anonymousUser, type=AUTHORIZATION_FAILURE, data={type=org.springframework.security.access.AccessDeniedException, message=Access is denied}]"
Error,Transport Error,Aug 22,21:38:44,"[MessageBroker-1] - sockJsScheduler[pool size = 2, active threads = 1, queued tasks = 0, completed tasks = 343]"
Error,Access Denied,Aug 22,21:41:35," AuditEvent [timestamp=Wed Aug 23 04:41:35 UTC 2017, principal=anonymousUser, type=AUTHORIZATION_FAILURE, data={type=org.springframework.security.access.AccessDeniedException, message=Access is denied}]"
Error,Access Denied,Aug 22,21:46:31," AuditEvent [timestamp=Wed Aug 23 04:46:31 UTC 2017, principal=anonymousUser, type=AUTHORIZATION_FAILURE, data={type=org.springframework.security.access.AccessDeniedException, message=Access is denied}]"
Error,Access Denied,Aug 22,21:51:25," AuditEvent [timestamp=Wed Aug 23 04:51:25 UTC 2017, principal=anonymousUser, type=AUTHORIZATION_FAILURE, data={type=org.springframework.security.access.AccessDeniedException, message=Access is denied}]"
Error,Access Denied,Aug 22,21:56:27," AuditEvent [timestamp=Wed Aug 23 04:56:27 UTC 2017, principal=anonymousUser, type=AUTHORIZATION_FAILURE, data={type=org.springframework.security.access.AccessDeniedException, message=Access is denied}]"
Error,Transport Error,Aug 22,22:08:44,"[MessageBroker-1] - sockJsScheduler[pool size = 2, active threads = 1, queued tasks = 0, completed tasks = 344]"
Error,Transport Error,Aug 22,22:38:44,"[MessageBroker-1] - sockJsScheduler[pool size = 2, active threads = 1, queued tasks = 0, completed tasks = 345]"
Error,Transport Error,Aug 22,23:08:44,"[MessageBroker-1] - sockJsScheduler[pool size = 2, active threads = 1, queued tasks = 0, completed tasks = 346]"
Error,Timeout,Aug 22,23:20:07,"Missed heartbeats from client, timeout: 60s"
Error,Transport Error,Aug 22,23:38:44,"[MessageBroker-1] - sockJsScheduler[pool size = 2, active threads = 1, queued tasks = 0, completed tasks = 347]"
Error,Transport Error,Aug 23,00:08:44,"[MessageBroker-1] - sockJsScheduler[pool size = 2, active threads = 1, queued tasks = 0, completed tasks = 348]"
Error,Transport Error,Aug 23,00:38:44,"[MessageBroker-1] - sockJsScheduler[pool size = 2, active threads = 1, queued tasks = 0, completed tasks = 349]"
Error,Transport Error,Aug 23,01:08:44,"[MessageBroker-1] - sockJsScheduler[pool size = 2, active threads = 1, queued tasks = 0, completed tasks = 350]"
Error,Transport Error,Aug 23,01:38:44,"[MessageBroker-1] - sockJsScheduler[pool size = 2, active threads = 1, queued tasks = 0, completed tasks = 351]"
Error,Access Denied,Aug 23,01:54:44," AuditEvent [timestamp=Wed Aug 23 08:54:44 UTC 2017, principal=anonymousUser, type=AUTHORIZATION_FAILURE, data={type=org.springframework.security.access.AccessDeniedException, message=Access is denied}]"
Error,Transport Error,Aug 23,02:08:44,"[MessageBroker-1] - sockJsScheduler[pool size = 2, active threads = 1, queued tasks = 0, completed tasks = 352]"
Error,Transport Error,Aug 23,02:38:44,"[MessageBroker-1] - sockJsScheduler[pool size = 2, active threads = 1, queued tasks = 0, completed tasks = 353]"
Error,Access Denied,Aug 23,02:54:07," AuditEvent [timestamp=Wed Aug 23 09:54:07 UTC 2017, principal=anonymousUser, type=AUTHORIZATION_FAILURE, data={type=org.springframework.security.access.AccessDeniedException, message=Access is denied}]"
Error,Transport Error,Aug 23,03:08:44,"[MessageBroker-1] - sockJsScheduler[pool size = 2, active threads = 1, queued tasks = 0, completed tasks = 354]"
Error,Transport Error,Aug 23,03:38:44,"[MessageBroker-1] - sockJsScheduler[pool size = 2, active threads = 1, queued tasks = 0, completed tasks = 355]"
Error,Transport Error,Aug 23,04:08:44,"[MessageBroker-1] - sockJsScheduler[pool size = 2, active threads = 1, queued tasks = 0, completed tasks = 356]"
Error,Transport Error,Aug 23,04:38:44,"[MessageBroker-1] - sockJsScheduler[pool size = 2, active threads = 1, queued tasks = 0, completed tasks = 357]"
Error,Transport Error,Aug 23,05:08:44,"[MessageBroker-1] - sockJsScheduler[pool size = 2, active threads = 1, queued tasks = 0, completed tasks = 358]"
Error,Transport Error,Aug 23,05:38:44,"[MessageBroker-1] - sockJsScheduler[pool size = 2, active threads = 1, queued tasks = 0, completed tasks = 359]"
Error,Transport Error,Aug 23,06:08:44,"[MessageBroker-1] - sockJsScheduler[pool size = 2, active threads = 1, queued tasks = 0, completed tasks = 360]"
Error,Transport Error,Aug 23,06:38:44,"[MessageBroker-1] - sockJsScheduler[pool size = 2, active threads = 1, queued tasks = 0, completed tasks = 361]"
